{"assets/fonts/ClashDisplay-Bold.otf":["assets/fonts/ClashDisplay-Bold.otf"],"assets/fonts/ClashDisplay-Medium.otf":["assets/fonts/ClashDisplay-Medium.otf"],"assets/fonts/ClashDisplay-Regular.otf":["assets/fonts/ClashDisplay-Regular.otf"],"assets/fonts/ClashDisplay-Semibold.otf":["assets/fonts/ClashDisplay-Semibold.otf"],"assets/images/abstract.png":["assets/images/abstract.png"],"assets/images/animals.png":["assets/images/animals.png"],"assets/images/logo.png":["assets/images/logo.png"],"assets/images/minimalist.png":["assets/images/minimalist.png"],"assets/images/nature.png":["assets/images/nature.png"],"assets/images/space.png":["assets/images/space.png"],"assets/images/urban.png":["assets/images/urban.png"],"packages/cupertino_icons/assets/CupertinoIcons.ttf":["packages/cupertino_icons/assets/CupertinoIcons.ttf"]}