{"assets/images/abstract.png":["assets/images/abstract.png"],"assets/images/animals.png":["assets/images/animals.png"],"assets/images/logo.png":["assets/images/logo.png"],"assets/images/minimalist.png":["assets/images/minimalist.png"],"assets/images/nature.png":["assets/images/nature.png"],"assets/images/space.png":["assets/images/space.png"],"assets/images/urban.png":["assets/images/urban.png"],"packages/cupertino_icons/assets/CupertinoIcons.ttf":["packages/cupertino_icons/assets/CupertinoIcons.ttf"]}